姓名,性别,班级,数学,语文,英语
a1,男,高一(1)班,61,59,70
a2,女,高一(2)班,62,77,74
a3,女,高一(3)班,58,71,83
a4,男,高一(4)班,65,57,71
a5,男,高一(5)班,56,83,72
a6,男,高一(6)班,65,71,76
a7,男,高一(7)班,71,71,84
a8,女,高一(8)班,58,73,78
a9,男,高一(9)班,71,73,73
a10,女,高一(10)班,54,71,75
a11,女,高一(11)班,62,74,69
a12,女,高一(12)班,67,73,74
a13,女,高一(13)班,73,78,81
a14,男,高一(14)班,60,73,80
a15,男,高一(15)班,62,67,75
a16,女,高一(16)班,69,79,68
a17,男,高一(17)班,56,72,76
a18,女,高一(18)班,59,71,78
a19,女,高一(19)班,70,65,82
a20,男,高一(20)班,59,53,72
a21,男,高二(1)班,70,65,73
a22,女,高二(2)班,69,70,78
a23,女,高二(3)班,57,65,70
a24,女,高二(4)班,58,58,85
a25,女,高二(5)班,61,85,78
a26,男,高二(6)班,60,64,83
a27,女,高二(7)班,64,76,70
a28,男,高二(8)班,62,80,73
a29,男,高二(9)班,66,69,75
a30,女,高二(10)班,66,70,71
a31,女,高二(11)班,60,75,73
a32,男,高二(12)班,64,57,71
a33,男,高二(13)班,59,72,76
a34,女,高二(14)班,66,75,63
a35,男,高二(15)班,74,59,76
a36,男,高二(16)班,65,74,71
a37,男,高二(17)班,62,62,80
a38,男,高二(18)班,59,64,66
a39,男,高二(19)班,74,79,74
a40,女,高二(20)班,69,74,74
a41,女,高三(1)班,61,69,75
a42,男,高三(2)班,73,75,70
a43,男,高三(3)班,64,52,69
a44,男,高三(4)班,61,73,73
a45,男,高三(5)班,68,77,70
a46,男,高三(6)班,64,78,77
a47,男,高三(7)班,58,71,83
a48,男,高三(8)班,59,66,71
a49,女,高三(9)班,59,66,67
a50,男,高三(10)班,65,67,73
a51,女,高三(11)班,67,78,76
a52,女,高三(12)班,61,84,76
a53,男,高三(13)班,54,80,82
a54,女,高三(14)班,69,60,77
a55,女,高三(15)班,66,66,72
a56,男,高三(16)班,74,75,72
a57,女,高三(17)班,62,51,71
a58,男,高三(18)班,62,74,79
a59,男,高三(19)班,65,59,67
a60,女,高三(20)班,67,63,80
a61,男,高一(1)班,52,67,81
a62,男,高一(2)班,63,71,80
a63,女,高一(3)班,64,63,66
a64,男,高一(4)班,71,78,78
a65,女,高一(5)班,56,67,71
a66,男,高一(6)班,57,63,80
a67,女,高一(7)班,63,68,70
a68,女,高一(8)班,70,69,66
a69,男,高一(9)班,63,61,67
a70,女,高一(10)班,61,72,73
a71,女,高一(11)班,67,78,72
a72,男,高一(12)班,70,71,74
a73,女,高一(13)班,62,84,72
a74,女,高一(14)班,62,82,88
a75,女,高一(15)班,61,71,71
a76,女,高一(16)班,74,69,72
a77,女,高一(17)班,68,67,81
a78,男,高一(18)班,60,68,76
a79,女,高一(19)班,77,65,64
a80,男,高一(20)班,52,71,74
a81,男,高二(1)班,59,66,70
a82,女,高二(2)班,68,63,80
a83,男,高二(3)班,60,57,63
a84,男,高二(4)班,55,68,73
a85,男,高二(5)班,67,76,71
a86,男,高二(6)班,63,64,73
a87,女,高二(7)班,63,75,78
a88,男,高二(8)班,74,66,68
a89,男,高二(9)班,60,77,78
a90,女,高二(10)班,66,65,73
a91,女,高二(11)班,62,77,77
a92,男,高二(12)班,72,62,72
a93,男,高二(13)班,67,66,80
a94,男,高二(14)班,71,52,79
a95,男,高二(15)班,69,72,75
a96,女,高二(16)班,70,71,68
a97,女,高二(17)班,66,70,74
a98,男,高二(18)班,55,79,74
a99,男,高二(19)班,67,74,72
a100,女,高二(20)班,64,62,72
a101,女,高三(1)班,66,76,70
a102,男,高三(2)班,66,58,66
a103,女,高三(3)班,56,76,68
a104,男,高三(4)班,61,65,80
a105,男,高三(5)班,75,74,69
a106,女,高三(6)班,63,59,69
a107,男,高三(7)班,59,56,73
a108,男,高三(8)班,65,77,77
a109,女,高三(9)班,64,66,77
a110,女,高三(10)班,66,70,64
a111,女,高三(11)班,58,62,84
a112,女,高三(12)班,50,73,78
a113,女,高三(13)班,74,71,74
a114,女,高三(14)班,66,56,78
a115,女,高三(15)班,72,64,71
a116,男,高三(16)班,61,66,74
a117,女,高三(17)班,57,67,74
a118,女,高三(18)班,67,79,80
a119,女,高三(19)班,63,55,74
a120,男,高三(20)班,57,66,77
a121,男,高一(1)班,60,70,80
a122,男,高一(2)班,71,74,80
a123,女,高一(3)班,76,81,82
a124,女,高一(4)班,65,73,84
a125,男,高一(5)班,60,70,73
a126,男,高一(6)班,63,67,85
a127,女,高一(7)班,66,60,84
a128,女,高一(8)班,68,60,78
a129,女,高一(9)班,68,63,73
a130,女,高一(10)班,58,67,83
a131,女,高一(11)班,70,71,79
a132,男,高一(12)班,62,74,75
a133,男,高一(13)班,60,66,74
a134,女,高一(14)班,78,75,69
a135,男,高一(15)班,58,77,65
a136,男,高一(16)班,58,73,82
a137,女,高一(17)班,62,76,76
a138,女,高一(18)班,68,66,70
a139,男,高一(19)班,63,71,68
a140,男,高一(20)班,67,75,77
a141,男,高二(1)班,61,69,80
a142,男,高二(2)班,77,76,75
a143,女,高二(3)班,71,71,73
a144,男,高二(4)班,59,73,74
a145,女,高二(5)班,66,68,73
a146,女,高二(6)班,62,62,67
a147,男,高二(7)班,70,56,69
a148,男,高二(8)班,69,62,65
a149,女,高二(9)班,66,83,76
a150,男,高二(10)班,64,73,81
a151,女,高二(11)班,64,85,72
a152,男,高二(12)班,64,73,69
a153,女,高二(13)班,63,69,73
a154,男,高二(14)班,65,55,71
a155,男,高二(15)班,70,73,79
a156,女,高二(16)班,73,67,76
a157,男,高二(17)班,61,76,77
a158,女,高二(18)班,73,71,79
a159,男,高二(19)班,69,77,77
a160,男,高二(20)班,66,67,78
a161,女,高三(1)班,59,58,68
a162,女,高三(2)班,69,71,67
a163,女,高三(3)班,62,65,74
a164,女,高三(4)班,67,82,70
a165,女,高三(5)班,64,80,71
a166,女,高三(6)班,63,65,67
a167,女,高三(7)班,60,65,78
a168,女,高三(8)班,66,54,76
a169,女,高三(9)班,71,68,73
a170,男,高三(10)班,68,63,78
a171,男,高三(11)班,61,69,73
a172,男,高三(12)班,71,65,72
a173,男,高三(13)班,52,64,65
a174,男,高三(14)班,66,77,86
a175,女,高三(15)班,60,61,71
a176,女,高三(16)班,54,54,74
a177,女,高三(17)班,68,72,82
a178,女,高三(18)班,60,64,64
a179,女,高三(19)班,67,72,78
a180,女,高三(20)班,55,74,80
a181,男,高一(1)班,63,72,79
a182,女,高一(2)班,66,72,79
a183,女,高一(3)班,66,65,77
a184,男,高一(4)班,59,72,75
a185,男,高一(5)班,67,71,66
a186,女,高一(6)班,61,66,80
a187,男,高一(7)班,68,72,71
a188,女,高一(8)班,65,76,69
a189,男,高一(9)班,69,61,65
a190,女,高一(10)班,66,59,76
a191,男,高一(11)班,61,73,68
a192,男,高一(12)班,52,73,72
a193,女,高一(13)班,68,75,72
a194,女,高一(14)班,61,75,69
a195,男,高一(15)班,66,79,78
a196,女,高一(16)班,68,67,72
a197,女,高一(17)班,67,71,80
a198,女,高一(18)班,61,63,76
a199,男,高一(19)班,65,57,74
a200,女,高一(20)班,59,77,74
a201,女,高二(1)班,66,70,66
a202,男,高二(2)班,63,65,71
a203,男,高二(3)班,72,56,74
a204,男,高二(4)班,58,64,81
a205,女,高二(5)班,56,59,76
a206,女,高二(6)班,67,55,61
a207,女,高二(7)班,67,67,74
a208,男,高二(8)班,60,65,75
a209,男,高二(9)班,66,57,81
a210,男,高二(10)班,66,69,79
a211,女,高二(11)班,56,72,69
a212,男,高二(12)班,79,53,73
a213,女,高二(13)班,63,61,77
a214,男,高二(14)班,62,63,79
a215,女,高二(15)班,67,71,72
a216,女,高二(16)班,56,66,70
a217,女,高二(17)班,61,68,73
a218,男,高二(18)班,66,71,69
a219,女,高二(19)班,71,80,82
a220,女,高二(20)班,65,71,76
a221,女,高三(1)班,63,64,71
a222,男,高三(2)班,72,71,69
a223,男,高三(3)班,60,67,78
a224,男,高三(4)班,62,79,75
a225,男,高三(5)班,76,75,69
a226,男,高三(6)班,57,65,66
a227,男,高三(7)班,66,63,78
a228,女,高三(8)班,66,79,66
a229,女,高三(9)班,63,69,75
a230,女,高三(10)班,59,77,69
a231,女,高三(11)班,56,75,77
a232,女,高三(12)班,64,66,64
a233,男,高三(13)班,57,64,78
a234,男,高三(14)班,79,72,70
a235,女,高三(15)班,68,66,69
a236,女,高三(16)班,61,74,66
a237,男,高三(17)班,68,67,72
a238,男,高三(18)班,64,70,71
a239,女,高三(19)班,65,59,79
a240,女,高三(20)班,51,78,75
a241,女,高一(1)班,61,59,76
a242,女,高一(2)班,56,69,76
a243,女,高一(3)班,67,76,69
a244,男,高一(4)班,64,59,75
a245,男,高一(5)班,73,76,82
a246,女,高一(6)班,62,72,79
a247,男,高一(7)班,70,60,75
a248,男,高一(8)班,66,65,74
a249,女,高一(9)班,51,65,70
a250,女,高一(10)班,64,78,74
a251,女,高一(11)班,69,66,67
a252,男,高一(12)班,61,69,79
a253,男,高一(13)班,58,69,84
a254,女,高一(14)班,57,73,75
a255,女,高一(15)班,66,74,77
a256,女,高一(16)班,66,66,74
a257,女,高一(17)班,65,74,73
a258,女,高一(18)班,61,74,78
a259,女,高一(19)班,57,71,76
a260,男,高一(20)班,62,67,66
a261,男,高二(1)班,76,85,72
a262,女,高二(2)班,73,70,76
a263,男,高二(3)班,64,80,75
a264,女,高二(4)班,70,75,79
a265,女,高二(5)班,66,72,80
a266,女,高二(6)班,62,56,66
a267,女,高二(7)班,64,68,72
a268,女,高二(8)班,64,71,77
a269,女,高二(9)班,55,62,74
a270,男,高二(10)班,68,68,79
a271,男,高二(11)班,87,68,75
a272,男,高二(12)班,60,69,82
a273,女,高二(13)班,55,57,84
a274,女,高二(14)班,65,80,68
a275,女,高二(15)班,70,68,65
a276,女,高二(16)班,66,75,64
a277,男,高二(17)班,64,74,71
a278,男,高二(18)班,52,78,68
a279,男,高二(19)班,55,72,67
a280,女,高二(20)班,70,67,73
a281,男,高三(1)班,62,72,74
a282,男,高三(2)班,67,74,70
a283,男,高三(3)班,71,62,69
a284,男,高三(4)班,63,84,88
a285,女,高三(5)班,56,68,81
a286,男,高三(6)班,73,77,84
a287,男,高三(7)班,60,61,71
a288,男,高三(8)班,64,59,68
a289,男,高三(9)班,65,74,81
a290,男,高三(10)班,71,71,77
a291,男,高三(11)班,69,69,75
a292,女,高三(12)班,70,67,68
a293,女,高三(13)班,59,63,79
a294,男,高三(14)班,60,68,75
a295,女,高三(15)班,68,81,68
a296,男,高三(16)班,80,69,80
a297,女,高三(17)班,67,56,74
a298,女,高三(18)班,67,71,79
a299,男,高三(19)班,67,76,73
a300,男,高三(20)班,70,67,79
a301,女,高一(1)班,72,60,76
a302,女,高一(2)班,60,79,73
a303,女,高一(3)班,74,65,69
a304,男,高一(4)班,60,65,84
a305,女,高一(5)班,57,64,79
a306,女,高一(6)班,63,87,84
a307,女,高一(7)班,62,63,72
a308,女,高一(8)班,68,72,74
a309,男,高一(9)班,64,79,75
a310,女,高一(10)班,73,79,65
a311,男,高一(11)班,68,68,64
a312,女,高一(12)班,60,57,80
a313,女,高一(13)班,78,73,74
a314,女,高一(14)班,56,80,72
a315,男,高一(15)班,74,54,85
a316,男,高一(16)班,69,74,73
a317,女,高一(17)班,59,71,64
a318,男,高一(18)班,51,64,69
a319,女,高一(19)班,71,63,69
a320,女,高一(20)班,75,82,67
a321,男,高二(1)班,68,66,74
a322,男,高二(2)班,72,75,71
a323,女,高二(3)班,70,70,86
a324,女,高二(4)班,59,72,65
a325,男,高二(5)班,83,64,74
a326,男,高二(6)班,62,66,67
a327,男,高二(7)班,71,70,72
a328,男,高二(8)班,66,62,70
a329,男,高二(9)班,53,76,73
a330,女,高二(10)班,59,77,82
a331,男,高二(11)班,61,65,80
a332,女,高二(12)班,55,79,74
a333,男,高二(13)班,64,70,71
a334,女,高二(14)班,67,76,76
a335,女,高二(15)班,65,73,79
a336,男,高二(16)班,58,66,73
a337,女,高二(17)班,66,74,73
a338,女,高二(18)班,64,62,73
a339,男,高二(19)班,70,68,72
a340,女,高二(20)班,62,76,78
a341,男,高三(1)班,59,70,78
a342,男,高三(2)班,67,68,70
a343,女,高三(3)班,55,60,73
a344,女,高三(4)班,69,73,68
a345,女,高三(5)班,68,66,76
a346,女,高三(6)班,60,58,73
a347,女,高三(7)班,59,74,76
a348,男,高三(8)班,64,73,79
a349,女,高三(9)班,68,73,73
a350,女,高三(10)班,60,61,76
a351,男,高三(11)班,67,79,77
a352,男,高三(12)班,65,72,72
a353,女,高三(13)班,62,73,82
a354,女,高三(14)班,49,67,77
a355,男,高三(15)班,68,75,77
a356,女,高三(16)班,67,69,80
a357,男,高三(17)班,61,71,82
a358,女,高三(18)班,59,58,78
a359,女,高三(19)班,64,77,71
a360,男,高三(20)班,60,76,78
a361,女,高一(1)班,72,68,74
a362,男,高一(2)班,64,64,86
a363,男,高一(3)班,60,84,71
a364,男,高一(4)班,55,74,81
a365,男,高一(5)班,64,66,77
a366,男,高一(6)班,60,85,71
a367,男,高一(7)班,69,73,72
a368,男,高一(8)班,66,79,70
a369,男,高一(9)班,55,73,67
a370,女,高一(10)班,66,53,78
a371,女,高一(11)班,66,75,74
a372,男,高一(12)班,58,70,78
a373,女,高一(13)班,70,67,79
a374,女,高一(14)班,72,72,75
a375,女,高一(15)班,62,80,74
a376,女,高一(16)班,62,72,78
a377,女,高一(17)班,62,75,72
a378,女,高一(18)班,62,56,66
a379,男,高一(19)班,59,76,74
a380,男,高一(20)班,65,66,76
a381,女,高二(1)班,63,72,74
a382,男,高二(2)班,62,75,82
a383,女,高二(3)班,53,73,76
a384,男,高二(4)班,64,70,70
a385,男,高二(5)班,63,78,75
a386,男,高二(6)班,68,65,74
a387,男,高二(7)班,62,76,77
a388,男,高二(8)班,71,51,77
a389,女,高二(9)班,72,71,72
a390,男,高二(10)班,69,79,70
a391,男,高二(11)班,61,72,78
a392,男,高二(12)班,74,62,69
a393,男,高二(13)班,52,71,73
a394,男,高二(14)班,60,81,70
a395,男,高二(15)班,54,70,76
a396,女,高二(16)班,65,73,73
a397,男,高二(17)班,69,58,75
a398,男,高二(18)班,64,58,77
a399,男,高二(19)班,72,68,77
a400,女,高二(20)班,58,70,66
a401,女,高三(1)班,63,65,78
a402,男,高三(2)班,63,66,70
a403,女,高三(3)班,71,75,73
a404,女,高三(4)班,53,71,65
a405,女,高三(5)班,68,60,69
a406,女,高三(6)班,62,68,76
a407,女,高三(7)班,78,71,67
a408,男,高三(8)班,72,79,72
a409,男,高三(9)班,54,70,76
a410,男,高三(10)班,73,76,78
a411,男,高三(11)班,58,57,73
a412,男,高三(12)班,61,73,73
a413,女,高三(13)班,58,69,85
a414,男,高三(14)班,65,75,72
a415,女,高三(15)班,60,60,63
a416,女,高三(16)班,57,76,61
a417,女,高三(17)班,68,77,71
a418,男,高三(18)班,72,71,75
a419,男,高三(19)班,54,68,81
a420,女,高三(20)班,69,71,61
a421,男,高一(1)班,62,68,81
a422,男,高一(2)班,56,83,73
a423,男,高一(3)班,72,70,77
a424,女,高一(4)班,66,73,75
a425,女,高一(5)班,61,78,76
a426,女,高一(6)班,64,69,78
a427,男,高一(7)班,70,61,70
a428,男,高一(8)班,61,79,77
a429,男,高一(9)班,58,72,76
a430,女,高一(10)班,66,77,70
a431,女,高一(11)班,77,70,74
a432,女,高一(12)班,81,71,69
a433,男,高一(13)班,67,65,78
a434,女,高一(14)班,59,70,66
a435,男,高一(15)班,63,70,74
a436,男,高一(16)班,61,74,71
a437,男,高一(17)班,62,49,69
a438,男,高一(18)班,61,75,72
a439,男,高一(19)班,57,74,75
a440,女,高一(20)班,68,73,66
a441,男,高二(1)班,68,69,74
a442,女,高二(2)班,64,69,72
a443,女,高二(3)班,56,76,80
a444,女,高二(4)班,62,70,66
a445,男,高二(5)班,59,74,74
a446,女,高二(6)班,65,60,75
a447,男,高二(7)班,68,74,75
a448,男,高二(8)班,66,81,75
a449,女,高二(9)班,66,64,73
a450,男,高二(10)班,60,81,75
a451,女,高二(11)班,65,75,70
a452,女,高二(12)班,60,76,70
a453,女,高二(13)班,62,68,74
a454,女,高二(14)班,57,71,71
a455,男,高二(15)班,63,72,66
a456,女,高二(16)班,65,62,71
a457,女,高二(17)班,58,67,79
a458,男,高二(18)班,62,65,69
a459,女,高二(19)班,62,58,72
a460,男,高二(20)班,67,78,77
a461,女,高三(1)班,65,77,68
a462,男,高三(2)班,65,82,71
a463,男,高三(3)班,71,66,82
a464,男,高三(4)班,57,78,75
a465,女,高三(5)班,57,67,73
a466,女,高三(6)班,61,64,74
a467,女,高三(7)班,57,70,78
a468,男,高三(8)班,66,74,79
a469,女,高三(9)班,74,79,66
a470,男,高三(10)班,69,61,78
a471,女,高三(11)班,65,61,70
a472,女,高三(12)班,69,61,70
a473,女,高三(13)班,69,66,77
a474,女,高三(14)班,63,81,78
a475,男,高三(15)班,49,74,70
a476,男,高三(16)班,69,57,68
a477,男,高三(17)班,64,75,70
a478,女,高三(18)班,67,61,72
a479,女,高三(19)班,61,71,77
a480,男,高三(20)班,63,53,79
a481,男,高一(1)班,59,73,74
a482,女,高一(2)班,51,65,72
a483,女,高一(3)班,53,77,73
a484,男,高一(4)班,69,64,76
a485,女,高一(5)班,78,63,80
a486,女,高一(6)班,74,62,76
a487,女,高一(7)班,74,70,72
a488,男,高一(8)班,69,71,69
a489,男,高一(9)班,65,58,69
a490,女,高一(10)班,69,71,74
a491,女,高一(11)班,62,70,72
a492,女,高一(12)班,71,69,73
a493,男,高一(13)班,57,49,71
a494,男,高一(14)班,63,66,70
a495,男,高一(15)班,64,72,72
a496,男,高一(16)班,61,77,74
a497,男,高一(17)班,67,73,76
a498,女,高一(18)班,62,64,78
a499,男,高一(19)班,65,67,71
a500,女,高一(20)班,74,69,84
a501,女,高二(1)班,75,76,77
a502,女,高二(2)班,61,64,83
a503,男,高二(3)班,65,64,73
a504,男,高二(4)班,67,70,74
a505,女,高二(5)班,68,68,84
a506,男,高二(6)班,73,74,79
a507,女,高二(7)班,66,70,80
a508,男,高二(8)班,67,72,75
a509,女,高二(9)班,59,69,78
a510,女,高二(10)班,74,67,75
a511,男,高二(11)班,63,65,78
a512,男,高二(12)班,66,69,75
a513,女,高二(13)班,70,71,81
a514,男,高二(14)班,70,55,72
a515,女,高二(15)班,72,71,79
a516,女,高二(16)班,59,70,77
a517,男,高二(17)班,67,57,74
a518,男,高二(18)班,57,85,70
a519,男,高二(19)班,50,68,76
a520,女,高二(20)班,67,77,74
a521,女,高三(1)班,58,73,74
a522,女,高三(2)班,61,74,80
a523,男,高三(3)班,65,62,77
a524,男,高三(4)班,65,63,71
a525,男,高三(5)班,65,78,69
a526,男,高三(6)班,67,68,72
a527,男,高三(7)班,66,79,73
a528,男,高三(8)班,69,75,77
a529,男,高三(9)班,64,67,77
a530,女,高三(10)班,64,58,69
a531,女,高三(11)班,63,76,74
a532,女,高三(12)班,64,74,76
a533,女,高三(13)班,58,83,71
a534,男,高三(14)班,73,73,75
a535,男,高三(15)班,60,75,77
a536,男,高三(16)班,63,72,77
a537,女,高三(17)班,63,60,76
a538,女,高三(18)班,71,76,83
a539,女,高三(19)班,60,65,67
a540,女,高三(20)班,62,66,76
a541,男,高一(1)班,64,73,78
a542,女,高一(2)班,65,71,76
a543,男,高一(3)班,67,63,82
a544,男,高一(4)班,59,78,70
a545,女,高一(5)班,66,68,78
a546,男,高一(6)班,72,79,70
a547,女,高一(7)班,61,81,76
a548,女,高一(8)班,65,61,72
a549,女,高一(9)班,53,77,72
a550,男,高一(10)班,68,75,69
a551,男,高一(11)班,62,77,78
a552,男,高一(12)班,74,64,75
a553,女,高一(13)班,67,66,78
a554,女,高一(14)班,62,79,69
a555,女,高一(15)班,66,67,61
a556,男,高一(16)班,77,69,70
a557,女,高一(17)班,62,61,77
a558,男,高一(18)班,69,82,74
a559,女,高一(19)班,66,56,76
a560,男,高一(20)班,66,53,73
a561,男,高二(1)班,71,79,71
a562,男,高二(2)班,53,80,83
a563,男,高二(3)班,60,59,75
a564,女,高二(4)班,69,74,78
a565,男,高二(5)班,59,76,74
a566,男,高二(6)班,66,72,68
a567,女,高二(7)班,70,70,72
a568,男,高二(8)班,62,64,75
a569,女,高二(9)班,69,49,76
a570,女,高二(10)班,67,68,74
a571,女,高二(11)班,57,65,73
a572,男,高二(12)班,74,57,63
a573,男,高二(13)班,64,71,87
a574,女,高二(14)班,67,62,76
a575,男,高二(15)班,57,64,76
a576,女,高二(16)班,66,73,63
a577,女,高二(17)班,65,69,70
a578,女,高二(18)班,59,74,75
a579,女,高二(19)班,68,60,79
a580,女,高二(20)班,62,82,76
a581,男,高三(1)班,76,68,87
a582,男,高三(2)班,62,71,83
a583,男,高三(3)班,60,63,77
a584,女,高三(4)班,69,72,78
a585,男,高三(5)班,59,65,74
a586,男,高三(6)班,58,65,65
a587,女,高三(7)班,63,67,81
a588,男,高三(8)班,57,81,69
a589,男,高三(9)班,66,68,70
a590,女,高三(10)班,60,76,74
a591,男,高三(11)班,63,73,77
a592,女,高三(12)班,61,65,76
a593,女,高三(13)班,61,66,69
a594,女,高三(14)班,61,70,78
a595,女,高三(15)班,64,79,78
a596,女,高三(16)班,52,68,69
a597,女,高三(17)班,68,63,73
a598,男,高三(18)班,62,68,83
a599,男,高三(19)班,70,86,79
a600,女,高三(20)班,60,65,78
a601,男,高一(1)班,67,60,67
a602,女,高一(2)班,62,60,73
a603,女,高一(3)班,69,58,79
a604,男,高一(4)班,58,82,67
a605,男,高一(5)班,60,70,71
a606,男,高一(6)班,67,60,84
a607,男,高一(7)班,62,66,76
a608,女,高一(8)班,61,94,68
a609,男,高一(9)班,70,61,75
a610,男,高一(10)班,66,79,68
a611,女,高一(11)班,71,71,74
a612,男,高一(12)班,70,60,73
a613,男,高一(13)班,70,63,75
a614,男,高一(14)班,61,74,70
a615,男,高一(15)班,60,69,73
a616,男,高一(16)班,59,77,71
a617,男,高一(17)班,65,71,75
a618,男,高一(18)班,71,75,80
a619,男,高一(19)班,60,68,76
a620,女,高一(20)班,60,73,72
a621,女,高二(1)班,73,84,83
a622,女,高二(2)班,72,72,76
a623,女,高二(3)班,60,64,78
a624,男,高二(4)班,65,80,70
a625,女,高二(5)班,78,67,83
a626,男,高二(6)班,64,74,69
a627,男,高二(7)班,52,67,71
a628,女,高二(8)班,58,77,67
a629,男,高二(9)班,63,64,80
a630,女,高二(10)班,65,65,77
a631,女,高二(11)班,65,75,76
a632,女,高二(12)班,59,71,88
a633,男,高二(13)班,72,71,77
a634,女,高二(14)班,77,81,74
a635,女,高二(15)班,69,60,71
a636,女,高二(16)班,67,68,74
a637,男,高二(17)班,58,70,84
a638,男,高二(18)班,64,65,79
a639,男,高二(19)班,55,60,75
a640,女,高二(20)班,71,62,80
a641,女,高三(1)班,66,83,66
a642,男,高三(2)班,61,75,73
a643,男,高三(3)班,59,70,77
a644,男,高三(4)班,65,80,75
a645,男,高三(5)班,67,62,77
a646,男,高三(6)班,62,72,63
a647,男,高三(7)班,63,68,71
a648,男,高三(8)班,52,68,74
a649,女,高三(9)班,68,63,76
a650,男,高三(10)班,59,69,77
a651,女,高三(11)班,53,65,72
a652,男,高三(12)班,61,77,69
a653,男,高三(13)班,63,76,72
a654,女,高三(14)班,80,73,74
a655,女,高三(15)班,66,80,80
a656,女,高三(16)班,56,76,81
a657,女,高三(17)班,65,59,79
a658,女,高三(18)班,62,55,79
a659,男,高三(19)班,66,62,71
a660,男,高三(20)班,56,66,87
a661,男,高一(1)班,65,74,74
a662,男,高一(2)班,60,68,69
a663,女,高一(3)班,59,66,79
a664,男,高一(4)班,67,71,76
a665,男,高一(5)班,66,65,77
a666,男,高一(6)班,61,62,69
a667,女,高一(7)班,60,68,71
a668,男,高一(8)班,73,79,80
a669,女,高一(9)班,64,65,73
a670,男,高一(10)班,71,61,70
a671,女,高一(11)班,63,59,82
a672,女,高一(12)班,68,61,71
a673,男,高一(13)班,64,70,69
a674,男,高一(14)班,61,82,71
a675,男,高一(15)班,63,63,77
a676,男,高一(16)班,62,75,72
a677,男,高一(17)班,71,70,75
a678,女,高一(18)班,73,71,82
a679,男,高一(19)班,73,72,81
a680,女,高一(20)班,60,63,78
a681,男,高二(1)班,62,71,71
a682,女,高二(2)班,54,69,82
a683,女,高二(3)班,67,69,67
a684,女,高二(4)班,63,52,81
a685,女,高二(5)班,60,69,77
a686,女,高二(6)班,74,63,85
a687,女,高二(7)班,59,60,73
a688,男,高二(8)班,67,67,78
a689,女,高二(9)班,64,71,66
a690,女,高二(10)班,53,82,71
a691,女,高二(11)班,73,59,64
a692,女,高二(12)班,59,57,74
a693,女,高二(13)班,65,69,76
a694,男,高二(14)班,75,75,71
a695,女,高二(15)班,67,67,72
a696,女,高二(16)班,65,79,77
a697,男,高二(17)班,72,73,74
a698,女,高二(18)班,74,71,77
a699,女,高二(19)班,66,71,76
a700,男,高二(20)班,59,67,77
a701,女,高三(1)班,58,73,71
a702,男,高三(2)班,71,78,80
a703,男,高三(3)班,59,78,73
a704,男,高三(4)班,65,85,76
a705,女,高三(5)班,73,75,76
a706,男,高三(6)班,73,66,78
a707,男,高三(7)班,64,69,80
a708,男,高三(8)班,70,69,75
a709,女,高三(9)班,66,77,77
a710,女,高三(10)班,65,59,83
a711,女,高三(11)班,70,60,75
a712,男,高三(12)班,60,65,67
a713,男,高三(13)班,72,74,76
a714,女,高三(14)班,66,76,74
a715,男,高三(15)班,64,68,74
a716,女,高三(16)班,77,67,80
a717,男,高三(17)班,60,67,71
a718,男,高三(18)班,77,65,79
a719,男,高三(19)班,73,70,78
a720,女,高三(20)班,71,74,74
a721,男,高一(1)班,73,73,71
a722,女,高一(2)班,59,79,73
a723,男,高一(3)班,65,66,76
a724,女,高一(4)班,62,70,72
a725,男,高一(5)班,71,70,79
a726,男,高一(6)班,68,69,83
a727,女,高一(7)班,68,57,72
a728,女,高一(8)班,68,67,77
a729,女,高一(9)班,60,74,81
a730,女,高一(10)班,67,70,70
a731,男,高一(11)班,73,76,73
a732,男,高一(12)班,68,73,75
a733,男,高一(13)班,60,87,84
a734,男,高一(14)班,63,72,66
a735,男,高一(15)班,60,69,76
a736,男,高一(16)班,72,71,83
a737,男,高一(17)班,60,78,77
a738,男,高一(18)班,62,80,79
a739,女,高一(19)班,63,72,71
a740,女,高一(20)班,61,60,74
a741,女,高二(1)班,73,67,80
a742,男,高二(2)班,64,67,76
a743,女,高二(3)班,67,65,75
a744,男,高二(4)班,59,58,76
a745,女,高二(5)班,65,68,72
a746,男,高二(6)班,66,59,74
a747,男,高二(7)班,62,66,76
a748,女,高二(8)班,62,59,80
a749,男,高二(9)班,58,69,83
a750,男,高二(10)班,63,51,76
a751,女,高二(11)班,67,54,71
a752,男,高二(12)班,69,59,78
a753,女,高二(13)班,67,63,75
a754,女,高二(14)班,62,69,77
a755,男,高二(15)班,59,76,79
a756,女,高二(16)班,62,74,65
a757,男,高二(17)班,59,72,78
a758,男,高二(18)班,77,76,70
a759,女,高二(19)班,70,72,74
a760,男,高二(20)班,65,71,79
a761,女,高三(1)班,67,79,77
a762,男,高三(2)班,64,76,73
a763,男,高三(3)班,63,80,74
a764,女,高三(4)班,57,67,73
a765,男,高三(5)班,72,81,70
a766,男,高三(6)班,67,74,87
a767,女,高三(7)班,53,69,76
a768,男,高三(8)班,69,71,75
a769,男,高三(9)班,68,69,78
a770,女,高三(10)班,54,78,74
a771,男,高三(11)班,56,61,79
a772,男,高三(12)班,69,66,83
a773,女,高三(13)班,63,67,75
a774,男,高三(14)班,61,72,70
a775,女,高三(15)班,62,63,78
a776,男,高三(16)班,68,74,70
a777,女,高三(17)班,64,64,71
a778,男,高三(18)班,61,71,72
a779,男,高三(19)班,67,74,76
a780,男,高三(20)班,65,84,76
a781,女,高一(1)班,67,66,73
a782,女,高一(2)班,73,77,72
a783,男,高一(3)班,71,73,68
a784,男,高一(4)班,60,65,76
a785,男,高一(5)班,56,74,72
a786,女,高一(6)班,66,70,75
a787,男,高一(7)班,69,64,80
a788,男,高一(8)班,56,79,73
a789,女,高一(9)班,59,67,74
a790,女,高一(10)班,65,64,78
a791,女,高一(11)班,69,70,74
a792,男,高一(12)班,67,69,70
a793,男,高一(13)班,62,72,73
a794,男,高一(14)班,68,71,83
a795,男,高一(15)班,65,77,76
a796,女,高一(16)班,67,72,84
a797,男,高一(17)班,78,75,71
a798,男,高一(18)班,73,66,74
a799,男,高一(19)班,79,72,81
a800,男,高一(20)班,44,75,74
a801,女,高二(1)班,52,67,84
a802,女,高二(2)班,71,71,77
a803,男,高二(3)班,68,76,73
a804,男,高二(4)班,53,80,73
a805,男,高二(5)班,61,66,74
a806,女,高二(6)班,75,62,80
a807,女,高二(7)班,71,67,73
a808,男,高二(8)班,70,56,76
a809,男,高二(9)班,59,69,66
a810,女,高二(10)班,63,59,74
a811,男,高二(11)班,64,69,73
a812,女,高二(12)班,66,58,73
a813,女,高二(13)班,74,80,74
a814,男,高二(14)班,53,71,73
a815,男,高二(15)班,59,81,80
a816,男,高二(16)班,68,62,84
a817,女,高二(17)班,65,70,67
a818,女,高二(18)班,67,78,75
a819,女,高二(19)班,61,61,78
a820,男,高二(20)班,69,79,70
a821,男,高三(1)班,71,59,81
a822,男,高三(2)班,55,69,67
a823,男,高三(3)班,67,74,74
a824,男,高三(4)班,57,61,77
a825,女,高三(5)班,62,67,81
a826,男,高三(6)班,65,71,62
a827,男,高三(7)班,69,67,78
a828,男,高三(8)班,73,66,80
a829,女,高三(9)班,67,82,77
a830,女,高三(10)班,68,62,77
a831,男,高三(11)班,61,65,69
a832,男,高三(12)班,61,77,75
a833,男,高三(13)班,54,76,82
a834,男,高三(14)班,64,72,77
a835,男,高三(15)班,68,61,76
a836,男,高三(16)班,77,55,67
a837,男,高三(17)班,66,58,75
a838,女,高三(18)班,65,73,71
a839,男,高三(19)班,54,60,77
a840,女,高三(20)班,63,74,68
a841,男,高一(1)班,68,71,74
a842,男,高一(2)班,64,68,84
a843,女,高一(3)班,58,72,72
a844,女,高一(4)班,62,57,76
a845,女,高一(5)班,63,66,83
a846,男,高一(6)班,62,71,71
a847,女,高一(7)班,70,69,75
a848,男,高一(8)班,66,73,65
a849,男,高一(9)班,64,75,65
a850,女,高一(10)班,61,63,84
a851,男,高一(11)班,66,70,78
a852,女,高一(12)班,63,84,81
a853,男,高一(13)班,72,63,69
a854,女,高一(14)班,69,63,72
a855,女,高一(15)班,57,72,75
a856,男,高一(16)班,66,55,78
a857,女,高一(17)班,65,73,71
a858,男,高一(18)班,64,68,64
a859,女,高一(19)班,64,73,78
a860,女,高一(20)班,64,73,69
a861,男,高二(1)班,48,64,77
a862,女,高二(2)班,62,63,77
a863,男,高二(3)班,66,74,78
a864,女,高二(4)班,60,62,80
a865,男,高二(5)班,64,75,75
a866,女,高二(6)班,53,68,70
a867,男,高二(7)班,66,74,75
a868,女,高二(8)班,72,64,75
a869,女,高二(9)班,64,68,77
a870,女,高二(10)班,72,69,75
a871,男,高二(11)班,63,53,87
a872,男,高二(12)班,62,70,71
a873,男,高二(13)班,71,71,81
a874,女,高二(14)班,65,67,74
a875,女,高二(15)班,73,63,66
a876,男,高二(16)班,55,67,70
a877,女,高二(17)班,69,70,84
a878,女,高二(18)班,74,70,79
a879,女,高二(19)班,58,71,75
a880,女,高二(20)班,68,87,81
a881,女,高三(1)班,62,69,79
a882,女,高三(2)班,70,61,75
a883,女,高三(3)班,62,65,83
a884,男,高三(4)班,68,72,68
a885,男,高三(5)班,65,68,75
a886,男,高三(6)班,60,78,69
a887,女,高三(7)班,70,77,88
a888,女,高三(8)班,66,69,69
a889,男,高三(9)班,58,61,73
a890,女,高三(10)班,62,77,77
a891,男,高三(11)班,63,64,76
a892,女,高三(12)班,73,74,77
a893,女,高三(13)班,69,68,70
a894,女,高三(14)班,63,72,74
a895,女,高三(15)班,68,56,77
a896,男,高三(16)班,69,72,72
a897,男,高三(17)班,61,69,69
a898,男,高三(18)班,62,75,74
a899,男,高三(19)班,65,65,75
a900,男,高三(20)班,56,78,77
a901,女,高一(1)班,52,55,68
a902,男,高一(2)班,62,74,75
a903,女,高一(3)班,75,67,68
a904,女,高一(4)班,68,78,71
a905,女,高一(5)班,62,67,73
a906,男,高一(6)班,62,59,71
a907,女,高一(7)班,53,75,79
a908,女,高一(8)班,74,65,78
a909,女,高一(9)班,73,71,68
a910,男,高一(10)班,60,69,70
a911,女,高一(11)班,61,67,71
a912,女,高一(12)班,67,65,79
a913,男,高一(13)班,58,74,73
a914,男,高一(14)班,60,60,75
a915,男,高一(15)班,57,61,73
a916,男,高一(16)班,63,63,73
a917,女,高一(17)班,73,76,74
a918,女,高一(18)班,69,58,67
a919,女,高一(19)班,55,78,73
a920,男,高一(20)班,62,68,85
a921,女,高二(1)班,61,61,79
a922,女,高二(2)班,61,73,77
a923,女,高二(3)班,72,66,67
a924,男,高二(4)班,63,70,75
a925,男,高二(5)班,62,65,75
a926,男,高二(6)班,60,63,74
a927,女,高二(7)班,72,77,74
a928,男,高二(8)班,66,66,79
a929,男,高二(9)班,66,72,77
a930,男,高二(10)班,51,67,74
a931,女,高二(11)班,63,78,76
a932,女,高二(12)班,78,79,79
a933,女,高二(13)班,66,76,74
a934,女,高二(14)班,74,66,77
a935,女,高二(15)班,58,61,81
a936,女,高二(16)班,68,66,77
a937,男,高二(17)班,59,63,76
a938,女,高二(18)班,64,66,80
a939,男,高二(19)班,72,64,72
a940,女,高二(20)班,64,50,75
a941,男,高三(1)班,68,68,76
a942,男,高三(2)班,65,66,80
a943,男,高三(3)班,66,68,73
a944,女,高三(4)班,66,62,72
a945,男,高三(5)班,55,70,77
a946,男,高三(6)班,58,60,71
a947,男,高三(7)班,65,55,74
a948,男,高三(8)班,61,63,74
a949,女,高三(9)班,63,57,70
a950,男,高三(10)班,76,66,65
a951,女,高三(11)班,67,63,68
a952,女,高三(12)班,69,63,64
a953,女,高三(13)班,64,77,76
a954,女,高三(14)班,75,63,69
a955,男,高三(15)班,68,72,69
a956,女,高三(16)班,69,70,74
a957,男,高三(17)班,64,69,80
a958,男,高三(18)班,65,70,77
a959,男,高三(19)班,68,66,78
a960,男,高三(20)班,66,53,71
a961,男,高一(1)班,59,91,76
a962,男,高一(2)班,54,66,77
a963,女,高一(3)班,65,80,73
a964,男,高一(4)班,58,63,71
a965,女,高一(5)班,64,73,77
a966,女,高一(6)班,61,66,75
a967,女,高一(7)班,55,73,70
a968,女,高一(8)班,59,54,63
a969,男,高一(9)班,74,57,77
a970,女,高一(10)班,68,65,81
a971,男,高一(11)班,67,64,72
a972,女,高一(12)班,65,63,83
a973,男,高一(13)班,71,71,75
a974,女,高一(14)班,55,69,74
a975,女,高一(15)班,60,69,77
a976,女,高一(16)班,65,56,79
a977,女,高一(17)班,71,74,76
a978,女,高一(18)班,68,68,74
a979,男,高一(19)班,67,73,77
a980,男,高一(20)班,68,70,73
a981,男,高二(1)班,65,70,75
a982,女,高二(2)班,65,62,74
a983,男,高二(3)班,60,71,78
a984,男,高二(4)班,64,63,76
a985,男,高二(5)班,61,73,76
a986,女,高二(6)班,65,59,78
a987,女,高二(7)班,59,65,81
a988,女,高二(8)班,58,66,76
a989,女,高二(9)班,68,58,70
a990,男,高二(10)班,58,72,79
a991,女,高二(11)班,59,68,66
a992,男,高二(12)班,70,75,77
a993,男,高二(13)班,63,54,71
a994,女,高二(14)班,63,81,76
a995,男,高二(15)班,55,56,80
a996,女,高二(16)班,66,65,72
a997,女,高二(17)班,62,76,71
a998,男,高二(18)班,70,76,72
a999,女,高二(19)班,58,74,87
a1000,女,高二(20)班,62,68,76
a1001,男,高三(1)班,54,60,72
a1002,男,高三(2)班,65,80,65
a1003,女,高三(3)班,70,71,70
a1004,女,高三(4)班,61,72,77
a1005,男,高三(5)班,78,62,72
a1006,男,高三(6)班,60,70,74
a1007,男,高三(7)班,62,64,66
a1008,女,高三(8)班,63,81,81
a1009,女,高三(9)班,63,70,74
a1010,男,高三(10)班,61,66,76
a1011,女,高三(11)班,68,62,73
a1012,女,高三(12)班,63,70,75
a1013,男,高三(13)班,63,79,76
a1014,女,高三(14)班,73,77,69
a1015,女,高三(15)班,71,71,75
a1016,男,高三(16)班,58,72,67
a1017,女,高三(17)班,69,67,60
a1018,男,高三(18)班,59,77,71
a1019,女,高三(19)班,63,58,80
a1020,男,高三(20)班,57,73,78
a1021,女,高一(1)班,60,64,72
a1022,男,高一(2)班,68,71,76
a1023,女,高一(3)班,54,63,79
a1024,女,高一(4)班,67,77,68
a1025,女,高一(5)班,64,64,77
a1026,女,高一(6)班,58,61,82
a1027,女,高一(7)班,73,85,77
a1028,女,高一(8)班,63,75,72
a1029,男,高一(9)班,66,69,79
a1030,男,高一(10)班,62,72,79
a1031,男,高一(11)班,65,76,76
a1032,男,高一(12)班,74,62,75
a1033,男,高一(13)班,63,77,73
a1034,男,高一(14)班,61,82,78
a1035,女,高一(15)班,60,77,74
a1036,男,高一(16)班,65,77,74
a1037,男,高一(17)班,63,63,70
a1038,男,高一(18)班,81,53,72
a1039,女,高一(19)班,61,79,81
a1040,男,高一(20)班,66,74,71
a1041,女,高二(1)班,69,75,73
a1042,女,高二(2)班,68,83,78
a1043,女,高二(3)班,53,67,83
a1044,男,高二(4)班,53,73,77
a1045,女,高二(5)班,53,61,71
a1046,女,高二(6)班,59,79,74
a1047,男,高二(7)班,64,78,75
a1048,男,高二(8)班,61,75,75
a1049,男,高二(9)班,70,78,79
a1050,女,高二(10)班,66,69,74
a1051,男,高二(11)班,73,73,72
a1052,男,高二(12)班,64,58,70
a1053,女,高二(13)班,75,62,80
a1054,男,高二(14)班,57,75,67
a1055,女,高二(15)班,68,76,84
a1056,男,高二(16)班,51,67,78
a1057,男,高二(17)班,63,67,75
a1058,女,高二(18)班,64,68,69
a1059,女,高二(19)班,75,83,63
a1060,男,高二(20)班,62,73,69
a1061,男,高三(1)班,57,70,77
a1062,女,高三(2)班,62,80,65
a1063,女,高三(3)班,63,67,73
a1064,女,高三(4)班,70,54,79
a1065,女,高三(5)班,61,69,77
a1066,男,高三(6)班,71,67,84
a1067,女,高三(7)班,73,68,75
a1068,女,高三(8)班,64,68,66
a1069,女,高三(9)班,62,65,75
a1070,女,高三(10)班,64,78,75
a1071,男,高三(11)班,59,60,71
a1072,女,高三(12)班,54,67,81
a1073,女,高三(13)班,62,57,90
a1074,男,高三(14)班,65,78,82
a1075,男,高三(15)班,72,73,75
a1076,男,高三(16)班,60,80,73
a1077,男,高三(17)班,72,58,70
a1078,男,高三(18)班,72,72,82
a1079,男,高三(19)班,62,64,80
a1080,女,高三(20)班,64,59,78
a1081,女,高一(1)班,70,62,71
a1082,女,高一(2)班,72,69,69
a1083,女,高一(3)班,55,64,70
a1084,女,高一(4)班,75,62,79
a1085,男,高一(5)班,62,65,70
a1086,女,高一(6)班,65,77,79
a1087,男,高一(7)班,68,66,76
a1088,女,高一(8)班,62,75,85
a1089,女,高一(9)班,63,69,76
a1090,男,高一(10)班,76,66,66
a1091,男,高一(11)班,81,64,82
a1092,女,高一(12)班,59,69,74
a1093,男,高一(13)班,75,69,69
a1094,女,高一(14)班,59,65,65
a1095,男,高一(15)班,67,66,76
a1096,男,高一(16)班,69,76,81
a1097,男,高一(17)班,72,74,75
a1098,男,高一(18)班,69,67,77
a1099,男,高一(19)班,75,70,75
a1100,女,高一(20)班,72,66,83
a1101,男,高二(1)班,56,70,78
a1102,女,高二(2)班,63,71,78
a1103,男,高二(3)班,73,64,68
a1104,男,高二(4)班,76,69,82
a1105,女,高二(5)班,62,68,82
a1106,女,高二(6)班,60,57,82
a1107,女,高二(7)班,60,69,70
a1108,男,高二(8)班,60,72,75
a1109,男,高二(9)班,72,75,75
a1110,女,高二(10)班,58,78,71
a1111,男,高二(11)班,72,52,75
a1112,男,高二(12)班,62,80,67
a1113,男,高二(13)班,64,66,85
a1114,男,高二(14)班,67,69,77
a1115,男,高二(15)班,77,64,80
a1116,男,高二(16)班,68,68,71
a1117,男,高二(17)班,63,72,74
a1118,男,高二(18)班,67,65,70
a1119,男,高二(19)班,60,69,79
a1120,男,高二(20)班,69,65,80
a1121,男,高三(1)班,64,71,75
a1122,男,高三(2)班,61,62,79
a1123,男,高三(3)班,77,57,77
a1124,男,高三(4)班,70,59,65
a1125,女,高三(5)班,61,68,73
a1126,男,高三(6)班,60,65,77
a1127,女,高三(7)班,74,60,81
a1128,男,高三(8)班,67,72,71
a1129,男,高三(9)班,56,68,71
a1130,女,高三(10)班,69,65,76
a1131,男,高三(11)班,59,66,77
a1132,男,高三(12)班,58,73,69
a1133,男,高三(13)班,71,55,83
a1134,女,高三(14)班,65,73,69
a1135,女,高三(15)班,72,73,68
a1136,男,高三(16)班,66,70,79
a1137,女,高三(17)班,63,70,64
a1138,女,高三(18)班,62,68,70
a1139,女,高三(19)班,62,76,69
a1140,女,高三(20)班,75,73,69
a1141,男,高一(1)班,70,79,68
a1142,女,高一(2)班,60,70,77
a1143,女,高一(3)班,72,58,75
a1144,女,高一(4)班,63,77,73
a1145,女,高一(5)班,59,64,69
a1146,男,高一(6)班,69,80,79
a1147,男,高一(7)班,69,79,65
a1148,女,高一(8)班,60,59,81
a1149,男,高一(9)班,63,78,76
a1150,男,高一(10)班,69,70,82
a1151,男,高一(11)班,71,74,70
a1152,男,高一(12)班,61,64,76
a1153,男,高一(13)班,55,58,77
a1154,男,高一(14)班,63,66,76
a1155,女,高一(15)班,65,74,77
a1156,男,高一(16)班,69,68,80
a1157,男,高一(17)班,70,76,80
a1158,女,高一(18)班,66,73,81
a1159,女,高一(19)班,65,78,74
a1160,女,高一(20)班,68,69,77
a1161,女,高二(1)班,63,74,70
a1162,女,高二(2)班,58,65,75
a1163,女,高二(3)班,66,62,72
a1164,男,高二(4)班,67,76,74
a1165,男,高二(5)班,59,72,74
a1166,男,高二(6)班,57,64,72
a1167,男,高二(7)班,62,72,78
a1168,女,高二(8)班,68,74,64
a1169,女,高二(9)班,63,74,83
a1170,女,高二(10)班,67,72,73
a1171,男,高二(11)班,65,79,78
a1172,男,高二(12)班,64,70,74
a1173,男,高二(13)班,58,60,77
a1174,男,高二(14)班,76,79,71
a1175,男,高二(15)班,61,83,70
a1176,男,高二(16)班,60,71,77
a1177,女,高二(17)班,67,78,74
a1178,男,高二(18)班,66,74,68
a1179,女,高二(19)班,59,62,84
a1180,男,高二(20)班,70,71,73
a1181,男,高三(1)班,74,81,74
a1182,男,高三(2)班,63,57,73
a1183,男,高三(3)班,64,67,71
a1184,女,高三(4)班,71,71,70
a1185,男,高三(5)班,63,77,73
a1186,女,高三(6)班,80,56,65
a1187,女,高三(7)班,71,71,79
a1188,女,高三(8)班,56,77,74
a1189,女,高三(9)班,72,72,77
a1190,女,高三(10)班,78,68,72
a1191,男,高三(11)班,68,61,71
a1192,女,高三(12)班,58,60,70
a1193,女,高三(13)班,60,71,75
a1194,男,高三(14)班,60,74,75
a1195,男,高三(15)班,60,62,76
a1196,女,高三(16)班,57,63,73
a1197,女,高三(17)班,65,63,78
a1198,男,高三(18)班,68,70,77
a1199,男,高三(19)班,63,69,82
a1200,男,高三(20)班,66,67,70
a1201,女,高一(1)班,71,75,72
a1202,男,高一(2)班,61,75,80
a1203,男,高一(3)班,62,76,77
a1204,男,高一(4)班,69,66,71
a1205,男,高一(5)班,62,62,63
a1206,女,高一(6)班,62,55,62
a1207,女,高一(7)班,57,67,70
a1208,女,高一(8)班,57,69,79
a1209,男,高一(9)班,66,66,66
a1210,男,高一(10)班,64,65,80
a1211,女,高一(11)班,61,80,76
a1212,男,高一(12)班,67,75,71
a1213,男,高一(13)班,75,64,75
a1214,女,高一(14)班,70,72,73
a1215,女,高一(15)班,64,80,76
a1216,男,高一(16)班,64,78,79
a1217,女,高一(17)班,68,67,67
a1218,女,高一(18)班,65,65,82
a1219,男,高一(19)班,59,69,81
a1220,男,高一(20)班,61,67,75
a1221,女,高二(1)班,66,67,78
a1222,男,高二(2)班,68,74,81
a1223,男,高二(3)班,63,67,77
a1224,女,高二(4)班,69,76,78
a1225,男,高二(5)班,75,73,74
a1226,男,高二(6)班,68,76,73
a1227,男,高二(7)班,71,58,79
a1228,男,高二(8)班,61,82,71
a1229,男,高二(9)班,73,74,71
a1230,女,高二(10)班,68,73,63
a1231,男,高二(11)班,63,71,66
a1232,男,高二(12)班,65,73,80
a1233,女,高二(13)班,67,68,67
a1234,男,高二(14)班,62,67,71
a1235,男,高二(15)班,69,70,81
a1236,男,高二(16)班,73,70,67
a1237,女,高二(17)班,58,58,78
a1238,男,高二(18)班,56,60,82
a1239,男,高二(19)班,64,72,80
a1240,男,高二(20)班,67,65,75
a1241,男,高三(1)班,55,69,65
a1242,女,高三(2)班,62,68,69
a1243,男,高三(3)班,72,69,72
a1244,男,高三(4)班,67,72,71
a1245,女,高三(5)班,68,69,80
a1246,男,高三(6)班,62,62,74
a1247,女,高三(7)班,66,71,76
a1248,女,高三(8)班,64,75,70
a1249,男,高三(9)班,64,60,68
a1250,男,高三(10)班,60,66,74
a1251,女,高三(11)班,76,67,71
a1252,男,高三(12)班,62,57,68
a1253,男,高三(13)班,63,61,72
a1254,男,高三(14)班,69,70,71
a1255,女,高三(15)班,65,75,85
a1256,男,高三(16)班,64,72,75
a1257,女,高三(17)班,68,65,79
a1258,男,高三(18)班,76,70,80
a1259,男,高三(19)班,75,62,76
a1260,男,高三(20)班,65,63,73
a1261,女,高一(1)班,63,70,67
a1262,女,高一(2)班,60,84,74
a1263,男,高一(3)班,65,79,78
a1264,女,高一(4)班,57,72,76
a1265,女,高一(5)班,58,76,70
a1266,男,高一(6)班,77,64,67
a1267,女,高一(7)班,82,60,70
a1268,男,高一(8)班,78,70,79
a1269,女,高一(9)班,67,56,72
a1270,男,高一(10)班,66,68,75
a1271,男,高一(11)班,57,76,79
a1272,女,高一(12)班,50,71,79
a1273,男,高一(13)班,61,71,75
a1274,男,高一(14)班,64,68,71
a1275,男,高一(15)班,65,77,66
a1276,男,高一(16)班,61,79,73
a1277,男,高一(17)班,59,76,77
a1278,女,高一(18)班,65,69,80
a1279,男,高一(19)班,65,68,73
a1280,女,高一(20)班,70,55,71
a1281,女,高二(1)班,63,68,70
a1282,男,高二(2)班,69,65,75
a1283,女,高二(3)班,67,76,71
a1284,女,高二(4)班,74,64,67
a1285,男,高二(5)班,58,79,71
a1286,男,高二(6)班,66,70,73
a1287,女,高二(7)班,64,78,75
a1288,女,高二(8)班,58,71,70
a1289,女,高二(9)班,68,68,80
a1290,女,高二(10)班,70,70,75
a1291,女,高二(11)班,67,73,78
a1292,女,高二(12)班,58,65,77
a1293,男,高二(13)班,70,80,67
a1294,女,高二(14)班,67,72,73
a1295,女,高二(15)班,61,60,69
a1296,男,高二(16)班,64,65,71
a1297,男,高二(17)班,60,69,75
a1298,女,高二(18)班,67,74,84
a1299,男,高二(19)班,62,60,81
a1300,女,高二(20)班,73,75,73
a1301,女,高三(1)班,70,69,78
a1302,男,高三(2)班,67,66,76
a1303,女,高三(3)班,70,71,83
a1304,男,高三(4)班,61,60,78
a1305,女,高三(5)班,68,70,82
a1306,女,高三(6)班,70,68,70
a1307,女,高三(7)班,74,66,80
a1308,女,高三(8)班,49,54,67
a1309,男,高三(9)班,69,68,68
a1310,女,高三(10)班,66,74,68
a1311,女,高三(11)班,69,55,71
a1312,女,高三(12)班,50,74,74
a1313,女,高三(13)班,64,59,71
a1314,女,高三(14)班,65,59,82
a1315,男,高三(15)班,58,72,68
a1316,女,高三(16)班,52,71,70
a1317,男,高三(17)班,70,65,74
a1318,男,高三(18)班,70,77,79
a1319,男,高三(19)班,65,69,66
a1320,女,高三(20)班,61,77,70
a1321,男,高一(1)班,63,67,78
a1322,男,高一(2)班,70,56,62
a1323,男,高一(3)班,57,71,70
a1324,男,高一(4)班,57,76,67
a1325,男,高一(5)班,61,67,78
a1326,女,高一(6)班,69,60,70
a1327,女,高一(7)班,72,64,74
a1328,女,高一(8)班,66,65,77
a1329,女,高一(9)班,69,73,74
a1330,男,高一(10)班,76,71,81
a1331,男,高一(11)班,65,76,74
a1332,女,高一(12)班,62,75,86
a1333,女,高一(13)班,69,72,73
a1334,女,高一(14)班,64,68,78
a1335,男,高一(15)班,68,64,80
a1336,女,高一(16)班,58,67,80
a1337,男,高一(17)班,66,72,69
a1338,男,高一(18)班,61,61,74
a1339,女,高一(19)班,57,72,76
a1340,女,高一(20)班,65,71,84
a1341,男,高二(1)班,68,73,79
a1342,男,高二(2)班,52,68,80
a1343,男,高二(3)班,63,67,77
a1344,男,高二(4)班,63,75,76
a1345,男,高二(5)班,69,66,71
a1346,女,高二(6)班,64,76,72
a1347,女,高二(7)班,57,63,83
a1348,男,高二(8)班,60,76,70
a1349,女,高二(9)班,65,81,81
a1350,女,高二(10)班,67,84,69
a1351,男,高二(11)班,66,68,71
a1352,男,高二(12)班,75,67,81
a1353,女,高二(13)班,74,69,75
a1354,男,高二(14)班,66,65,71
a1355,男,高二(15)班,68,70,70
a1356,女,高二(16)班,57,66,77
a1357,男,高二(17)班,63,79,79
a1358,男,高二(18)班,63,73,81
a1359,男,高二(19)班,58,67,72
a1360,男,高二(20)班,60,78,76
a1361,女,高三(1)班,59,75,80
a1362,男,高三(2)班,58,50,78
a1363,女,高三(3)班,68,59,71
a1364,女,高三(4)班,63,69,77
a1365,女,高三(5)班,59,65,71
a1366,男,高三(6)班,63,76,76
a1367,女,高三(7)班,64,73,68
a1368,女,高三(8)班,63,68,81
a1369,男,高三(9)班,65,71,82
a1370,男,高三(10)班,59,70,74
a1371,男,高三(11)班,70,66,70
a1372,男,高三(12)班,56,70,74
a1373,男,高三(13)班,80,67,67
a1374,女,高三(14)班,68,83,75
a1375,女,高三(15)班,74,76,72
a1376,女,高三(16)班,55,72,76
a1377,女,高三(17)班,59,69,76
a1378,女,高三(18)班,61,74,72
a1379,女,高三(19)班,67,72,77
a1380,男,高三(20)班,65,83,79
a1381,男,高一(1)班,64,58,76
a1382,女,高一(2)班,44,66,83
a1383,男,高一(3)班,59,66,77
a1384,男,高一(4)班,67,82,72
a1385,男,高一(5)班,62,71,75
a1386,男,高一(6)班,55,69,78
a1387,女,高一(7)班,55,69,72
a1388,女,高一(8)班,64,68,69
a1389,女,高一(9)班,72,68,86
a1390,男,高一(10)班,64,80,85
a1391,女,高一(11)班,72,67,76
a1392,男,高一(12)班,74,71,77
a1393,女,高一(13)班,60,65,83
a1394,男,高一(14)班,62,76,79
a1395,男,高一(15)班,58,68,75
a1396,男,高一(16)班,65,64,69
a1397,男,高一(17)班,62,77,77
a1398,女,高一(18)班,68,62,72
a1399,女,高一(19)班,60,74,77
a1400,男,高一(20)班,63,65,76
a1401,女,高二(1)班,58,61,76
a1402,女,高二(2)班,61,74,73
a1403,男,高二(3)班,55,80,69
a1404,女,高二(4)班,70,61,75
a1405,男,高二(5)班,63,79,67
a1406,女,高二(6)班,54,69,66
a1407,男,高二(7)班,57,79,81
a1408,男,高二(8)班,70,64,65
a1409,女,高二(9)班,77,59,78
a1410,男,高二(10)班,59,72,68
a1411,男,高二(11)班,80,63,73
a1412,男,高二(12)班,60,80,70
a1413,女,高二(13)班,62,60,73
a1414,女,高二(14)班,66,67,77
a1415,女,高二(15)班,62,62,75
a1416,女,高二(16)班,58,58,74
a1417,男,高二(17)班,59,83,74
a1418,女,高二(18)班,61,69,81
a1419,男,高二(19)班,77,76,71
a1420,男,高二(20)班,66,68,79
a1421,男,高三(1)班,72,74,73
a1422,男,高三(2)班,67,70,76
a1423,男,高三(3)班,55,62,75
a1424,男,高三(4)班,62,69,75
a1425,女,高三(5)班,60,73,74
a1426,男,高三(6)班,62,73,83
a1427,男,高三(7)班,67,63,77
a1428,男,高三(8)班,55,72,77
a1429,女,高三(9)班,62,69,74
a1430,女,高三(10)班,52,65,77
a1431,男,高三(11)班,63,64,73
a1432,男,高三(12)班,57,74,81
a1433,女,高三(13)班,63,79,74
a1434,男,高三(14)班,61,64,77
a1435,女,高三(15)班,70,65,68
a1436,男,高三(16)班,56,69,69
a1437,男,高三(17)班,63,70,78
a1438,女,高三(18)班,60,76,77
a1439,男,高三(19)班,53,62,81
a1440,女,高三(20)班,57,77,78
a1441,男,高一(1)班,47,71,65
a1442,男,高一(2)班,66,64,73
a1443,女,高一(3)班,70,77,67
a1444,女,高一(4)班,73,67,68
a1445,男,高一(5)班,66,64,79
a1446,男,高一(6)班,65,77,72
a1447,男,高一(7)班,52,58,72
a1448,女,高一(8)班,70,61,71
a1449,女,高一(9)班,68,65,77
a1450,女,高一(10)班,62,75,78
a1451,女,高一(11)班,66,74,76
a1452,女,高一(12)班,64,71,74
a1453,女,高一(13)班,54,51,76
a1454,男,高一(14)班,64,70,69
a1455,男,高一(15)班,62,76,77
a1456,女,高一(16)班,67,73,80
a1457,女,高一(17)班,63,73,80
a1458,女,高一(18)班,67,77,74
a1459,男,高一(19)班,62,73,75
a1460,女,高一(20)班,61,58,68
a1461,男,高二(1)班,52,68,70
a1462,女,高二(2)班,56,68,73
a1463,女,高二(3)班,64,69,81
a1464,男,高二(4)班,65,67,74
a1465,女,高二(5)班,68,73,80
a1466,男,高二(6)班,66,48,77
a1467,男,高二(7)班,58,66,75
a1468,女,高二(8)班,60,69,74
a1469,女,高二(9)班,60,74,81
a1470,男,高二(10)班,60,63,78
a1471,女,高二(11)班,59,63,74
a1472,男,高二(12)班,64,63,72
a1473,女,高二(13)班,70,70,70
a1474,男,高二(14)班,75,72,76
a1475,女,高二(15)班,71,74,70
a1476,女,高二(16)班,67,63,81
a1477,女,高二(17)班,66,74,78
a1478,男,高二(18)班,59,68,71
a1479,男,高二(19)班,65,65,71
a1480,女,高二(20)班,60,67,86
a1481,女,高三(1)班,65,79,74
a1482,女,高三(2)班,57,73,79
a1483,男,高三(3)班,66,61,70
a1484,男,高三(4)班,65,65,71
a1485,女,高三(5)班,61,79,78
a1486,女,高三(6)班,57,65,74
a1487,男,高三(7)班,60,70,69
a1488,女,高三(8)班,54,76,85
a1489,女,高三(9)班,58,84,71
a1490,女,高三(10)班,68,77,84
a1491,男,高三(11)班,67,76,75
a1492,男,高三(12)班,63,79,75
a1493,女,高三(13)班,59,71,72
a1494,女,高三(14)班,66,57,71
a1495,男,高三(15)班,62,57,74
a1496,女,高三(16)班,55,76,73
a1497,女,高三(17)班,65,74,86
a1498,男,高三(18)班,63,58,79
a1499,女,高三(19)班,69,61,70
a1500,女,高三(20)班,67,75,80
a1501,男,高一(1)班,60,61,70
a1502,男,高一(2)班,68,68,76
a1503,男,高一(3)班,65,78,77
a1504,女,高一(4)班,77,66,66
a1505,女,高一(5)班,66,73,78
a1506,女,高一(6)班,61,68,75
a1507,女,高一(7)班,63,72,77
a1508,男,高一(8)班,55,72,68
a1509,女,高一(9)班,70,79,66
a1510,男,高一(10)班,66,72,74
a1511,女,高一(11)班,81,73,73
a1512,男,高一(12)班,68,66,74
a1513,男,高一(13)班,54,54,75
a1514,男,高一(14)班,58,70,80
a1515,男,高一(15)班,75,78,75
a1516,女,高一(16)班,65,62,73
a1517,男,高一(17)班,58,67,85
a1518,女,高一(18)班,79,55,76
a1519,男,高一(19)班,59,67,76
a1520,男,高一(20)班,68,71,74
a1521,男,高二(1)班,71,68,73
a1522,女,高二(2)班,65,67,72
a1523,男,高二(3)班,63,59,74
a1524,男,高二(4)班,64,64,75
a1525,女,高二(5)班,58,74,77
a1526,女,高二(6)班,66,65,77
a1527,男,高二(7)班,67,70,75
a1528,女,高二(8)班,55,74,76
a1529,女,高二(9)班,73,77,74
a1530,女,高二(10)班,60,71,77
a1531,女,高二(11)班,59,64,76
a1532,女,高二(12)班,60,67,69
a1533,女,高二(13)班,52,64,79
a1534,男,高二(14)班,57,66,69
a1535,女,高二(15)班,70,85,72
a1536,男,高二(16)班,58,68,68
a1537,男,高二(17)班,63,54,81
a1538,女,高二(18)班,65,61,70
a1539,男,高二(19)班,68,73,73
a1540,女,高二(20)班,66,75,78
a1541,女,高三(1)班,65,77,77
a1542,男,高三(2)班,66,87,80
a1543,男,高三(3)班,59,69,67
a1544,女,高三(4)班,61,66,77
a1545,女,高三(5)班,69,62,80
a1546,女,高三(6)班,62,60,79
a1547,男,高三(7)班,64,69,74
a1548,女,高三(8)班,64,68,73
a1549,男,高三(9)班,68,79,67
a1550,女,高三(10)班,60,69,76
a1551,女,高三(11)班,59,70,64
a1552,男,高三(12)班,70,73,79
a1553,女,高三(13)班,58,73,72
a1554,男,高三(14)班,64,69,76
a1555,男,高三(15)班,68,68,85
a1556,女,高三(16)班,69,65,76
a1557,男,高三(17)班,81,56,75
a1558,女,高三(18)班,69,76,71
a1559,女,高三(19)班,60,69,72
a1560,男,高三(20)班,67,63,63
a1561,男,高一(1)班,65,76,73
a1562,女,高一(2)班,53,76,71
a1563,女,高一(3)班,66,73,71
a1564,女,高一(4)班,63,76,68
a1565,女,高一(5)班,64,60,72
a1566,女,高一(6)班,64,83,80
a1567,女,高一(7)班,59,70,83
a1568,男,高一(8)班,58,73,79
a1569,男,高一(9)班,59,57,74
a1570,女,高一(10)班,62,79,66
a1571,女,高一(11)班,70,62,75
a1572,男,高一(12)班,61,62,72
a1573,男,高一(13)班,69,80,75
a1574,女,高一(14)班,45,75,72
a1575,女,高一(15)班,72,60,67
a1576,男,高一(16)班,60,66,76
a1577,男,高一(17)班,71,58,79
a1578,男,高一(18)班,62,71,74
a1579,女,高一(19)班,66,71,68
a1580,男,高一(20)班,76,75,75
a1581,男,高二(1)班,68,81,72
a1582,男,高二(2)班,60,71,80
a1583,女,高二(3)班,74,67,65
a1584,男,高二(4)班,59,66,74
a1585,男,高二(5)班,65,60,72
a1586,男,高二(6)班,66,58,68
a1587,男,高二(7)班,72,66,70
a1588,男,高二(8)班,62,82,75
a1589,男,高二(9)班,55,83,78
a1590,女,高二(10)班,73,79,72
a1591,男,高二(11)班,59,79,70
a1592,男,高二(12)班,72,64,74
a1593,男,高二(13)班,55,71,78
a1594,女,高二(14)班,65,69,73
a1595,女,高二(15)班,67,69,75
a1596,女,高二(16)班,61,72,74
a1597,男,高二(17)班,60,71,73
a1598,男,高二(18)班,58,67,70
a1599,男,高二(19)班,62,63,73
a1600,男,高二(20)班,61,78,75
a1601,女,高三(1)班,70,74,78
a1602,女,高三(2)班,58,66,74
a1603,女,高三(3)班,60,64,79
a1604,女,高三(4)班,65,72,79
a1605,男,高三(5)班,55,54,73
a1606,男,高三(6)班,62,67,78
a1607,男,高三(7)班,71,68,78
a1608,女,高三(8)班,66,76,75
a1609,男,高三(9)班,70,68,83
a1610,女,高三(10)班,69,76,82
a1611,女,高三(11)班,82,76,70
a1612,女,高三(12)班,72,58,78
a1613,男,高三(13)班,72,65,75
a1614,男,高三(14)班,64,73,81
a1615,男,高三(15)班,68,68,70
a1616,女,高三(16)班,67,71,76
a1617,女,高三(17)班,65,73,81
a1618,女,高三(18)班,71,53,79
a1619,女,高三(19)班,57,70,75
a1620,女,高三(20)班,60,67,68
a1621,女,高一(1)班,58,68,70
a1622,女,高一(2)班,76,77,86
a1623,女,高一(3)班,65,72,67
a1624,男,高一(4)班,68,79,77
a1625,女,高一(5)班,59,70,82
a1626,男,高一(6)班,64,62,80
a1627,女,高一(7)班,53,77,84
a1628,男,高一(8)班,62,69,73
a1629,男,高一(9)班,64,64,82
a1630,女,高一(10)班,55,71,68
a1631,男,高一(11)班,64,67,77
a1632,男,高一(12)班,63,68,74
a1633,女,高一(13)班,64,67,77
a1634,女,高一(14)班,64,63,80
a1635,男,高一(15)班,70,82,77
a1636,女,高一(16)班,77,67,78
a1637,男,高一(17)班,59,62,78
a1638,男,高一(18)班,66,78,77
a1639,女,高一(19)班,52,63,77
a1640,男,高一(20)班,70,66,74
a1641,女,高二(1)班,66,58,77
a1642,女,高二(2)班,59,83,74
a1643,女,高二(3)班,60,57,74
a1644,女,高二(4)班,51,66,72
a1645,女,高二(5)班,64,76,77
a1646,男,高二(6)班,63,55,83
a1647,男,高二(7)班,62,68,71
a1648,女,高二(8)班,68,59,71
a1649,女,高二(9)班,67,61,71
a1650,男,高二(10)班,58,72,82
a1651,男,高二(11)班,61,74,70
a1652,男,高二(12)班,76,76,69
a1653,女,高二(13)班,54,72,77
a1654,男,高二(14)班,57,61,77
a1655,女,高二(15)班,60,58,74
a1656,男,高二(16)班,57,69,81
a1657,男,高二(17)班,61,76,78
a1658,女,高二(18)班,63,65,69
a1659,女,高二(19)班,68,65,70
a1660,女,高二(20)班,68,67,79
a1661,男,高三(1)班,57,72,82
a1662,女,高三(2)班,64,58,75
a1663,男,高三(3)班,63,62,70
a1664,女,高三(4)班,56,64,72
a1665,女,高三(5)班,60,72,74
a1666,男,高三(6)班,67,72,74
a1667,女,高三(7)班,55,62,83
a1668,女,高三(8)班,59,71,72
a1669,女,高三(9)班,62,75,75
a1670,女,高三(10)班,67,72,72
a1671,女,高三(11)班,64,73,70
a1672,男,高三(12)班,70,68,74
a1673,女,高三(13)班,69,59,66
a1674,女,高三(14)班,61,72,70
a1675,男,高三(15)班,66,76,65
a1676,男,高三(16)班,64,63,74
a1677,男,高三(17)班,61,59,73
a1678,男,高三(18)班,68,64,80
a1679,女,高三(19)班,73,79,68
a1680,男,高三(20)班,67,67,81
a1681,男,高一(1)班,62,72,78
a1682,女,高一(2)班,62,73,78
a1683,女,高一(3)班,63,76,69
a1684,男,高一(4)班,69,49,67
a1685,男,高一(5)班,63,62,68
a1686,女,高一(6)班,58,78,76
a1687,男,高一(7)班,58,64,73
a1688,女,高一(8)班,55,63,68
a1689,男,高一(9)班,63,71,78
a1690,女,高一(10)班,60,69,80
a1691,男,高一(11)班,70,78,77
a1692,女,高一(12)班,67,71,81
a1693,男,高一(13)班,70,84,72
a1694,男,高一(14)班,65,78,76
a1695,女,高一(15)班,70,65,75
a1696,男,高一(16)班,67,65,70
a1697,男,高一(17)班,72,81,79
a1698,男,高一(18)班,62,70,73
a1699,女,高一(19)班,69,74,68
a1700,女,高一(20)班,70,63,66
a1701,男,高二(1)班,62,83,80
a1702,男,高二(2)班,68,65,77
a1703,男,高二(3)班,63,52,82
a1704,男,高二(4)班,68,67,75
a1705,男,高二(5)班,70,61,73
a1706,男,高二(6)班,70,68,81
a1707,男,高二(7)班,74,79,70
a1708,男,高二(8)班,80,61,72
a1709,男,高二(9)班,56,69,71
a1710,女,高二(10)班,65,75,71
a1711,女,高二(11)班,67,65,72
a1712,女,高二(12)班,75,58,75
a1713,女,高二(13)班,72,75,69
a1714,男,高二(14)班,60,72,70
a1715,女,高二(15)班,61,66,77
a1716,女,高二(16)班,53,69,81
a1717,女,高二(17)班,70,60,78
a1718,男,高二(18)班,61,61,83
a1719,男,高二(19)班,66,66,79
a1720,女,高二(20)班,59,66,71
a1721,女,高三(1)班,58,62,72
a1722,男,高三(2)班,71,67,77
a1723,男,高三(3)班,68,54,76
a1724,男,高三(4)班,65,67,70
a1725,女,高三(5)班,58,79,76
a1726,女,高三(6)班,58,67,75
a1727,女,高三(7)班,56,68,82
a1728,男,高三(8)班,56,77,84
a1729,女,高三(9)班,75,62,75
a1730,男,高三(10)班,68,69,80
a1731,男,高三(11)班,70,58,75
a1732,男,高三(12)班,73,67,81
a1733,男,高三(13)班,67,64,67
a1734,男,高三(14)班,59,73,68
a1735,女,高三(15)班,66,84,76
a1736,女,高三(16)班,58,69,73
a1737,女,高三(17)班,65,68,69
a1738,男,高三(18)班,69,62,81
a1739,男,高三(19)班,64,67,67
a1740,男,高三(20)班,59,72,73
a1741,男,高一(1)班,69,62,69
a1742,男,高一(2)班,63,80,78
a1743,女,高一(3)班,64,56,79
a1744,男,高一(4)班,54,59,62
a1745,女,高一(5)班,71,64,74
a1746,男,高一(6)班,61,69,74
a1747,女,高一(7)班,59,57,76
a1748,男,高一(8)班,68,73,79
a1749,女,高一(9)班,70,66,80
a1750,男,高一(10)班,61,70,84
a1751,女,高一(11)班,49,80,71
a1752,女,高一(12)班,63,60,80
a1753,男,高一(13)班,69,59,80
a1754,女,高一(14)班,65,67,77
a1755,男,高一(15)班,57,83,75
a1756,女,高一(16)班,72,67,82
a1757,男,高一(17)班,65,78,74
a1758,女,高一(18)班,58,69,74
a1759,女,高一(19)班,75,62,76
a1760,女,高一(20)班,64,75,67
a1761,男,高二(1)班,51,63,69
a1762,女,高二(2)班,69,68,78
a1763,男,高二(3)班,71,65,75
a1764,男,高二(4)班,57,68,69
a1765,女,高二(5)班,65,68,79
a1766,男,高二(6)班,62,74,76
a1767,男,高二(7)班,73,70,82
a1768,男,高二(8)班,53,63,83
a1769,女,高二(9)班,59,67,84
a1770,女,高二(10)班,50,72,77
a1771,女,高二(11)班,61,68,75
a1772,女,高二(12)班,69,55,76
a1773,男,高二(13)班,57,75,76
a1774,女,高二(14)班,61,68,71
a1775,男,高二(15)班,64,74,70
a1776,女,高二(16)班,49,68,71
a1777,女,高二(17)班,68,63,78
a1778,女,高二(18)班,62,75,75
a1779,男,高二(19)班,56,66,77
a1780,男,高二(20)班,66,65,77
a1781,女,高三(1)班,66,69,68
a1782,女,高三(2)班,64,74,62
a1783,男,高三(3)班,59,69,73
a1784,女,高三(4)班,62,71,76
a1785,男,高三(5)班,63,64,67
a1786,女,高三(6)班,67,74,68
a1787,女,高三(7)班,70,70,70
a1788,男,高三(8)班,60,69,82
a1789,女,高三(9)班,64,47,78
a1790,女,高三(10)班,70,66,66
a1791,男,高三(11)班,66,67,76
a1792,女,高三(12)班,69,75,70
a1793,女,高三(13)班,68,72,75
a1794,男,高三(14)班,68,66,79
a1795,男,高三(15)班,70,75,75
a1796,男,高三(16)班,65,73,71
a1797,男,高三(17)班,68,66,75
a1798,女,高三(18)班,50,65,72
a1799,女,高三(19)班,64,73,70
a1800,女,高三(20)班,60,81,65
